"year","zipcode","NewSpuds","ALAND10","CumulativeSpuds","NewSpudDensity","CumulativeSpudDensity"
2005,"16925",1,199819653,1,5.00451274429948e-09,5.00451274429948e-09
2005,"18840",1,116630500,1,8.57408653825543e-09,8.57408653825543e-09
2005,"18844",0,88564327,0,0,0
2005,"16914",0,195876075,0,0,0
2005,"18801",0,420663082,0,0,0
2005,"16901",0,602272141,0,0,0
2005,"16917",0,115168685,0,0,0
2005,"16926",0,62750789,0,0,0
2005,"16929",0,119702567,0,0,0
2005,"16933",0,252428446,0,0,0
2005,"16947",0,298543712,0,0,0
2005,"17724",0,290315038,0,0,0
2005,"17765",0,214207968,0,0,0
2005,"18630",0,170601370,0,0,0
2005,"18810",0,119055618,0,0,0
2005,"18824",0,77363644,0,0,0
2005,"18826",0,118229320,0,0,0
2005,"18832",0,154354180,0,0,0
2005,"18848",0,274467820,0,0,0
2005,"18850",0,155895533,0,0,0
2005,"18853",0,265087158,0,0,0
2005,"16912",0,65449401,0,0,0
2005,"16932",0,55182774,0,0,0
2005,"16936",0,124997105,0,0,0
2005,"16946",0,159436577,0,0,0
2005,"18623",0,146069512,0,0,0
2005,"18822",0,107709685,0,0,0
2005,"18828",0,25967605,0,0,0
2005,"18833",0,275449756,0,0,0
2005,"18847",0,365503815,0,0,0
2005,"18854",0,68704007,0,0,0
2005,"16920",0,24665307,0,0,0
2005,"16928",0,89277055,0,0,0
2005,"16930",0,172730334,0,0,0
2005,"16935",0,129576224,0,0,0
2005,"16942",0,61420174,0,0,0
2005,"18818",0,118489742,0,0,0
2005,"18829",0,66842460,0,0,0
2005,"18831",0,75558368,0,0,0
2005,"18837",0,233446874,0,0,0
2005,"18845",0,25048668,0,0,0
2005,"18817",0,4768296,0,0,0
2005,"18830",0,62514522,0,0,0
2005,"18834",0,171936159,0,0,0
2005,"18846",0,69779395,0,0,0
2005,"18851",0,72576746,0,0,0
2005,"18812",0,81611607,0,0,0
2005,"18842",0,10668083,0,0,0
2005,"18823",0,6905558,0,0,0
2005,"18821",0,8947352,0,0,0
2005,"18825",0,8575609,0,0,0
2006,"16925",0,199819653,1,0,5.00451274429948e-09
2006,"18840",2,116630500,3,1.71481730765109e-08,2.57222596147663e-08
2006,"18844",1,88564327,1,1.12912279003712e-08,1.12912279003712e-08
2006,"16914",0,195876075,0,0,0
2006,"18801",0,420663082,0,0,0
2006,"16901",0,602272141,0,0,0
2006,"16917",0,115168685,0,0,0
2006,"16926",0,62750789,0,0,0
2006,"16929",0,119702567,0,0,0
2006,"16933",0,252428446,0,0,0
2006,"16947",0,298543712,0,0,0
2006,"17724",0,290315038,0,0,0
2006,"17765",0,214207968,0,0,0
2006,"18630",0,170601370,0,0,0
2006,"18810",0,119055618,0,0,0
2006,"18824",0,77363644,0,0,0
2006,"18826",0,118229320,0,0,0
2006,"18832",0,154354180,0,0,0
2006,"18848",0,274467820,0,0,0
2006,"18850",0,155895533,0,0,0
2006,"18853",0,265087158,0,0,0
2006,"16912",0,65449401,0,0,0
2006,"16932",0,55182774,0,0,0
2006,"16936",0,124997105,0,0,0
2006,"16946",0,159436577,0,0,0
2006,"18623",0,146069512,0,0,0
2006,"18822",0,107709685,0,0,0
2006,"18828",0,25967605,0,0,0
2006,"18833",0,275449756,0,0,0
2006,"18847",0,365503815,0,0,0
2006,"18854",0,68704007,0,0,0
2006,"16920",0,24665307,0,0,0
2006,"16928",0,89277055,0,0,0
2006,"16930",0,172730334,0,0,0
2006,"16935",0,129576224,0,0,0
2006,"16942",0,61420174,0,0,0
2006,"18818",0,118489742,0,0,0
2006,"18829",0,66842460,0,0,0
2006,"18831",0,75558368,0,0,0
2006,"18837",0,233446874,0,0,0
2006,"18845",0,25048668,0,0,0
2006,"18817",0,4768296,0,0,0
2006,"18830",0,62514522,0,0,0
2006,"18834",0,171936159,0,0,0
2006,"18846",0,69779395,0,0,0
2006,"18851",0,72576746,0,0,0
2006,"18812",0,81611607,0,0,0
2006,"18842",0,10668083,0,0,0
2006,"18823",0,6905558,0,0,0
2006,"18821",0,8947352,0,0,0
2006,"18825",0,8575609,0,0,0
2007,"16925",0,199819653,1,0,5.00451274429948e-09
2007,"18840",0,116630500,3,0,2.57222596147663e-08
2007,"18844",0,88564327,1,0,1.12912279003712e-08
2007,"16914",2,195876075,2,1.02105374533362e-08,1.02105374533362e-08
2007,"18801",2,420663082,2,4.75439867575544e-09,4.75439867575544e-09
2007,"16901",0,602272141,0,0,0
2007,"16917",0,115168685,0,0,0
2007,"16926",0,62750789,0,0,0
2007,"16929",0,119702567,0,0,0
2007,"16933",0,252428446,0,0,0
2007,"16947",0,298543712,0,0,0
2007,"17724",0,290315038,0,0,0
2007,"17765",0,214207968,0,0,0
2007,"18630",0,170601370,0,0,0
2007,"18810",0,119055618,0,0,0
2007,"18824",0,77363644,0,0,0
2007,"18826",0,118229320,0,0,0
2007,"18832",0,154354180,0,0,0
2007,"18848",0,274467820,0,0,0
2007,"18850",0,155895533,0,0,0
2007,"18853",0,265087158,0,0,0
2007,"16912",0,65449401,0,0,0
2007,"16932",0,55182774,0,0,0
2007,"16936",0,124997105,0,0,0
2007,"16946",0,159436577,0,0,0
2007,"18623",0,146069512,0,0,0
2007,"18822",0,107709685,0,0,0
2007,"18828",0,25967605,0,0,0
2007,"18833",0,275449756,0,0,0
2007,"18847",0,365503815,0,0,0
2007,"18854",0,68704007,0,0,0
2007,"16920",0,24665307,0,0,0
2007,"16928",0,89277055,0,0,0
2007,"16930",0,172730334,0,0,0
2007,"16935",0,129576224,0,0,0
2007,"16942",0,61420174,0,0,0
2007,"18818",0,118489742,0,0,0
2007,"18829",0,66842460,0,0,0
2007,"18831",0,75558368,0,0,0
2007,"18837",0,233446874,0,0,0
2007,"18845",0,25048668,0,0,0
2007,"18817",0,4768296,0,0,0
2007,"18830",0,62514522,0,0,0
2007,"18834",0,171936159,0,0,0
2007,"18846",0,69779395,0,0,0
2007,"18851",0,72576746,0,0,0
2007,"18812",0,81611607,0,0,0
2007,"18842",0,10668083,0,0,0
2007,"18823",0,6905558,0,0,0
2007,"18821",0,8947352,0,0,0
2007,"18825",0,8575609,0,0,0
2008,"16925",0,199819653,1,0,5.00451274429948e-09
2008,"18840",0,116630500,3,0,2.57222596147663e-08
2008,"18844",2,88564327,3,2.25824558007424e-08,3.38736837011137e-08
2008,"16914",5,195876075,7,2.55263436333406e-08,3.57368810866769e-08
2008,"18801",23,420663082,25,5.46755847711875e-08,5.94299834469429e-08
2008,"16901",7,602272141,7,1.1622652823319e-08,1.1622652823319e-08
2008,"16917",1,115168685,1,8.68291584643864e-09,8.68291584643864e-09
2008,"16926",5,62750789,5,7.96802730241368e-08,7.96802730241368e-08
2008,"16929",1,119702567,1,8.35403972581474e-09,8.35403972581474e-09
2008,"16933",2,252428446,2,7.92303732678369e-09,7.92303732678369e-09
2008,"16947",4,298543712,4,1.33983729658992e-08,1.33983729658992e-08
2008,"17724",2,290315038,2,6.88906786840301e-09,6.88906786840301e-09
2008,"17765",1,214207968,1,4.66836042252172e-09,4.66836042252172e-09
2008,"18630",2,170601370,2,1.17232352823427e-08,1.17232352823427e-08
2008,"18810",1,119055618,1,8.39943563184057e-09,8.39943563184057e-09
2008,"18824",5,77363644,5,6.46298408590991e-08,6.46298408590991e-08
2008,"18826",1,118229320,1,8.4581388102376e-09,8.4581388102376e-09
2008,"18832",1,154354180,1,6.47860653984233e-09,6.47860653984233e-09
2008,"18848",3,274467820,3,1.09302431155682e-08,1.09302431155682e-08
2008,"18850",1,155895533,1,6.41455198078062e-09,6.41455198078062e-09
2008,"18853",2,265087158,2,7.54468837754864e-09,7.54468837754864e-09
2008,"16912",0,65449401,0,0,0
2008,"16932",0,55182774,0,0,0
2008,"16936",0,124997105,0,0,0
2008,"16946",0,159436577,0,0,0
2008,"18623",0,146069512,0,0,0
2008,"18822",0,107709685,0,0,0
2008,"18828",0,25967605,0,0,0
2008,"18833",0,275449756,0,0,0
2008,"18847",0,365503815,0,0,0
2008,"18854",0,68704007,0,0,0
2008,"16920",0,24665307,0,0,0
2008,"16928",0,89277055,0,0,0
2008,"16930",0,172730334,0,0,0
2008,"16935",0,129576224,0,0,0
2008,"16942",0,61420174,0,0,0
2008,"18818",0,118489742,0,0,0
2008,"18829",0,66842460,0,0,0
2008,"18831",0,75558368,0,0,0
2008,"18837",0,233446874,0,0,0
2008,"18845",0,25048668,0,0,0
2008,"18817",0,4768296,0,0,0
2008,"18830",0,62514522,0,0,0
2008,"18834",0,171936159,0,0,0
2008,"18846",0,69779395,0,0,0
2008,"18851",0,72576746,0,0,0
2008,"18812",0,81611607,0,0,0
2008,"18842",0,10668083,0,0,0
2008,"18823",0,6905558,0,0,0
2008,"18821",0,8947352,0,0,0
2008,"18825",0,8575609,0,0,0
2009,"16925",0,199819653,1,0,5.00451274429948e-09
2009,"18840",0,116630500,3,0,2.57222596147663e-08
2009,"18844",46,88564327,49,5.19396483417076e-07,5.5327016711819e-07
2009,"16914",20,195876075,27,1.02105374533362e-07,1.37842255620039e-07
2009,"18801",26,420663082,51,6.18071827848207e-08,1.21237166231764e-07
2009,"16901",12,602272141,19,1.99245476971182e-08,3.15472005204372e-08
2009,"16917",25,115168685,26,2.17072896160966e-07,2.25755812007405e-07
2009,"16926",4,62750789,9,6.37442184193094e-08,1.43424491443446e-07
2009,"16929",9,119702567,10,7.51863575323326e-08,8.35403972581473e-08
2009,"16933",19,252428446,21,7.5268854604445e-08,8.31918919312287e-08
2009,"16947",62,298543712,66,2.07674780971438e-07,2.21073153937337e-07
2009,"17724",5,290315038,7,1.72226696710075e-08,2.41117375394105e-08
2009,"17765",1,214207968,2,4.66836042252172e-09,9.33672084504345e-09
2009,"18630",7,170601370,9,4.10313234881994e-08,5.27545587705421e-08
2009,"18810",0,119055618,1,0,8.39943563184057e-09
2009,"18824",0,77363644,5,0,6.46298408590991e-08
2009,"18826",0,118229320,1,0,8.4581388102376e-09
2009,"18832",2,154354180,3,1.29572130796847e-08,1.9435819619527e-08
2009,"18848",25,274467820,28,9.10853592964013e-08,1.02015602411969e-07
2009,"18850",5,155895533,6,3.20727599039031e-08,3.84873118846837e-08
2009,"18853",32,265087158,34,1.20715014040778e-07,1.28259702418327e-07
2009,"16912",6,65449401,6,9.16738718510197e-08,9.16738718510197e-08
2009,"16932",14,55182774,14,2.53702360087951e-07,2.53702360087951e-07
2009,"16936",19,124997105,19,1.52003520401532e-07,1.52003520401532e-07
2009,"16946",1,159436577,1,6.27208648615179e-09,6.27208648615179e-09
2009,"18623",6,146069512,6,4.10763335746614e-08,4.10763335746614e-08
2009,"18822",1,107709685,1,9.28421617796023e-09,9.28421617796023e-09
2009,"18828",3,25967605,3,1.15528559526379e-07,1.15528559526379e-07
2009,"18833",4,275449756,4,1.45217046407549e-08,1.45217046407549e-08
2009,"18847",1,365503815,1,2.73594955499986e-09,2.73594955499986e-09
2009,"18854",2,68704007,2,2.9110383619983e-08,2.9110383619983e-08
2009,"16920",0,24665307,0,0,0
2009,"16928",0,89277055,0,0,0
2009,"16930",0,172730334,0,0,0
2009,"16935",0,129576224,0,0,0
2009,"16942",0,61420174,0,0,0
2009,"18818",0,118489742,0,0,0
2009,"18829",0,66842460,0,0,0
2009,"18831",0,75558368,0,0,0
2009,"18837",0,233446874,0,0,0
2009,"18845",0,25048668,0,0,0
2009,"18817",0,4768296,0,0,0
2009,"18830",0,62514522,0,0,0
2009,"18834",0,171936159,0,0,0
2009,"18846",0,69779395,0,0,0
2009,"18851",0,72576746,0,0,0
2009,"18812",0,81611607,0,0,0
2009,"18842",0,10668083,0,0,0
2009,"18823",0,6905558,0,0,0
2009,"18821",0,8947352,0,0,0
2009,"18825",0,8575609,0,0,0
2010,"16925",31,199819653,32,1.55139895073284e-07,1.60144407817583e-07
2010,"18840",5,116630500,8,4.28704326912772e-08,6.85926923060435e-08
2010,"18844",33,88564327,82,3.7261052071225e-07,9.2588068783044e-07
2010,"16914",63,195876075,90,3.21631929780092e-07,4.59474185400131e-07
2010,"18801",42,420663082,93,9.98423721908641e-08,2.21079538422628e-07
2010,"16901",61,602272141,80,1.01283117460351e-07,1.32830317980788e-07
2010,"16917",50,115168685,76,4.34145792321932e-07,6.59901604329337e-07
2010,"16926",10,62750789,19,1.59360546048274e-07,3.0278503749172e-07
2010,"16929",0,119702567,10,0,8.35403972581473e-08
2010,"16933",33,252428446,54,1.30730115891931e-07,2.1392200782316e-07
2010,"16947",90,298543712,156,3.01463391732732e-07,5.22536545670069e-07
2010,"17724",39,290315038,46,1.34336823433859e-07,1.58448560973269e-07
2010,"17765",23,214207968,25,1.07372289718e-07,1.16709010563043e-07
2010,"18630",40,170601370,49,2.34464705646854e-07,2.87219264417396e-07
2010,"18810",4,119055618,5,3.35977425273623e-08,4.19971781592029e-08
2010,"18824",3,77363644,8,3.87779045154595e-08,1.03407745374559e-07
2010,"18826",4,118229320,5,3.38325552409504e-08,4.2290694051188e-08
2010,"18832",6,154354180,9,3.8871639239054e-08,5.8307458858581e-08
2010,"18848",15,274467820,43,5.46512155778408e-08,1.5666681798981e-07
2010,"18850",5,155895533,11,3.20727599039031e-08,7.05600717885868e-08
2010,"18853",49,265087158,83,1.84844865249942e-07,3.13104567668269e-07
2010,"16912",17,65449401,23,2.59742636911222e-07,3.51416508762242e-07
2010,"16932",5,55182774,19,9.06079857456967e-08,3.44310345833647e-07
2010,"16936",10,124997105,29,8.00018528429118e-08,2.32005373244444e-07
2010,"16946",0,159436577,1,0,6.27208648615179e-09
2010,"18623",20,146069512,26,1.36921111915538e-07,1.77997445490199e-07
2010,"18822",0,107709685,1,0,9.28421617796023e-09
2010,"18828",2,25967605,5,7.70190396842527e-08,1.92547599210632e-07
2010,"18833",18,275449756,22,6.5347670883397e-08,7.98693755241519e-08
2010,"18847",2,365503815,3,5.47189910999971e-09,8.20784866499957e-09
2010,"18854",12,68704007,14,1.74662301719898e-07,2.03772685339881e-07
2010,"16920",2,24665307,2,8.10855506481229e-08,8.10855506481229e-08
2010,"16928",7,89277055,7,7.84076042830938e-08,7.84076042830938e-08
2010,"16930",4,172730334,4,2.31574843130912e-08,2.31574843130912e-08
2010,"16935",20,129576224,20,1.54349304082206e-07,1.54349304082206e-07
2010,"16942",4,61420174,4,6.5125181833578e-08,6.5125181833578e-08
2010,"18818",5,118489742,5,4.21977456917747e-08,4.21977456917747e-08
2010,"18829",1,66842460,1,1.49605505243224e-08,1.49605505243224e-08
2010,"18831",7,75558368,7,9.26436103013765e-08,9.26436103013765e-08
2010,"18837",12,233446874,12,5.14035583102304e-08,5.14035583102304e-08
2010,"18845",10,25048668,10,3.99222824942228e-07,3.99222824942228e-07
2010,"18817",0,4768296,0,0,0
2010,"18830",0,62514522,0,0,0
2010,"18834",0,171936159,0,0,0
2010,"18846",0,69779395,0,0,0
2010,"18851",0,72576746,0,0,0
2010,"18812",0,81611607,0,0,0
2010,"18842",0,10668083,0,0,0
2010,"18823",0,6905558,0,0,0
2010,"18821",0,8947352,0,0,0
2010,"18825",0,8575609,0,0,0
2011,"16925",27,199819653,59,1.35121844096086e-07,2.95266251913669e-07
2011,"18840",9,116630500,17,7.71667788442989e-08,1.45759471150342e-07
2011,"18844",19,88564327,101,2.14533330107053e-07,1.14041401793749e-06
2011,"16914",43,195876075,133,2.19526555246729e-07,6.79000740646861e-07
2011,"18801",98,420663082,191,2.32965535112016e-07,4.54045073534644e-07
2011,"16901",103,602272141,183,1.71019034400265e-07,3.03849352381053e-07
2011,"16917",22,115168685,98,1.9102414862165e-07,8.50925752950987e-07
2011,"16926",2,62750789,21,3.18721092096547e-08,3.34657146701375e-07
2011,"16929",11,119702567,21,9.18944369839621e-08,1.75434834242109e-07
2011,"16933",39,252428446,93,1.54499227872282e-07,3.68421235695441e-07
2011,"16947",50,298543712,206,1.6747966207374e-07,6.90016207743809e-07
2011,"17724",28,290315038,74,9.64469501576422e-08,2.54895511130911e-07
2011,"17765",13,214207968,38,6.06886854927824e-08,1.77397696055826e-07
2011,"18630",34,170601370,83,1.99294999799826e-07,4.86514264217222e-07
2011,"18810",2,119055618,7,1.67988712636811e-08,5.8796049422884e-08
2011,"18824",7,77363644,15,9.04817772027388e-08,1.93889522577297e-07
2011,"18826",13,118229320,18,1.09955804533089e-07,1.52246498584277e-07
2011,"18832",9,154354180,18,5.8307458858581e-08,1.16614917717162e-07
2011,"18848",47,274467820,90,1.71240475477234e-07,3.27907293467045e-07
2011,"18850",19,155895533,30,1.21876487634832e-07,1.92436559423418e-07
2011,"18853",40,265087158,123,1.50893767550973e-07,4.63998335219241e-07
2011,"16912",20,65449401,43,3.05579572836732e-07,6.56996081598974e-07
2011,"16932",5,55182774,24,9.06079857456967e-08,4.34918331579344e-07
2011,"16936",0,124997105,29,0,2.32005373244444e-07
2011,"16946",2,159436577,3,1.25441729723036e-08,1.88162594584554e-08
2011,"18623",20,146069512,46,1.36921111915538e-07,3.14918557405737e-07
2011,"18822",11,107709685,12,1.02126377957563e-07,1.11410594135523e-07
2011,"18828",8,25967605,13,3.08076158737011e-07,5.00623757947643e-07
2011,"18833",29,275449756,51,1.05282358645473e-07,1.85151734169625e-07
2011,"18847",1,365503815,4,2.73594955499986e-09,1.09437982199994e-08
2011,"18854",8,68704007,22,1.16441534479932e-07,3.20214219819813e-07
2011,"16920",0,24665307,2,0,8.10855506481229e-08
2011,"16928",2,89277055,9,2.24021726523125e-08,1.00809776935406e-07
2011,"16930",1,172730334,5,5.78937107827279e-09,2.8946855391364e-08
2011,"16935",8,129576224,28,6.17397216328823e-08,2.16089025715088e-07
2011,"16942",9,61420174,13,1.46531659125551e-07,2.11656840959129e-07
2011,"18818",10,118489742,15,8.43954913835495e-08,1.26593237075324e-07
2011,"18829",8,66842460,9,1.19684404194579e-07,1.34644954718902e-07
2011,"18831",12,75558368,19,1.58817617659503e-07,2.51461227960879e-07
2011,"18837",29,233446874,41,1.2422526591639e-07,1.7562882422662e-07
2011,"18845",10,25048668,20,3.99222824942228e-07,7.98445649884457e-07
2011,"18817",3,4768296,3,6.29155572556737e-07,6.29155572556737e-07
2011,"18830",4,62514522,4,6.39851329263943e-08,6.39851329263943e-08
2011,"18834",10,171936159,10,5.81611224663917e-08,5.81611224663917e-08
2011,"18846",7,69779395,7,1.00316146335175e-07,1.00316146335175e-07
2011,"18851",9,72576746,9,1.24006661858331e-07,1.24006661858331e-07
2011,"18812",0,81611607,0,0,0
2011,"18842",0,10668083,0,0,0
2011,"18823",0,6905558,0,0,0
2011,"18821",0,8947352,0,0,0
2011,"18825",0,8575609,0,0,0
2012,"16925",1,199819653,60,5.00451274429948e-09,3.00270764657969e-07
2012,"18840",1,116630500,18,8.57408653825543e-09,1.54333557688598e-07
2012,"18844",4,88564327,105,4.51649116014849e-08,1.18557892953898e-06
2012,"16914",3,195876075,136,1.53158061800044e-08,6.94316546826865e-07
2012,"18801",64,420663082,255,1.52140757624174e-07,6.06185831158818e-07
2012,"16901",31,602272141,214,5.14717482175554e-08,3.55321100598608e-07
2012,"16917",0,115168685,98,0,8.50925752950987e-07
2012,"16926",0,62750789,21,0,3.34657146701375e-07
2012,"16929",0,119702567,21,0,1.75434834242109e-07
2012,"16933",18,252428446,111,7.13073359410532e-08,4.39728571636495e-07
2012,"16947",14,298543712,220,4.68943053806472e-08,7.36910513124457e-07
2012,"17724",6,290315038,80,2.0667203605209e-08,2.75562714736121e-07
2012,"17765",43,214207968,81,2.00739498168434e-07,3.7813719422426e-07
2012,"18630",18,170601370,101,1.05509117541084e-07,5.92023381758306e-07
2012,"18810",4,119055618,11,3.35977425273623e-08,9.23937919502463e-08
2012,"18824",5,77363644,20,6.46298408590991e-08,2.58519363436397e-07
2012,"18826",19,118229320,37,1.60704637394514e-07,3.12951135978791e-07
2012,"18832",6,154354180,24,3.8871639239054e-08,1.55486556956216e-07
2012,"18848",8,274467820,98,2.91473149748484e-08,3.57054608441893e-07
2012,"18850",6,155895533,36,3.84873118846837e-08,2.30923871308102e-07
2012,"18853",31,265087158,154,1.16942669852004e-07,5.80941005071245e-07
2012,"16912",12,65449401,55,1.83347743702039e-07,8.40343825301014e-07
2012,"16932",7,55182774,31,1.26851180043975e-07,5.61769511623319e-07
2012,"16936",7,124997105,36,5.60012969900383e-08,2.88006670234483e-07
2012,"16946",0,159436577,3,0,1.88162594584554e-08
2012,"18623",16,146069512,62,1.0953688953243e-07,4.24455446938167e-07
2012,"18822",15,107709685,27,1.39263242669403e-07,2.50673836804926e-07
2012,"18828",0,25967605,13,0,5.00623757947643e-07
2012,"18833",22,275449756,73,7.98693755241519e-08,2.65021109693777e-07
2012,"18847",10,365503815,14,2.73594955499986e-08,3.8303293769998e-08
2012,"18854",0,68704007,22,0,3.20214219819813e-07
2012,"16920",0,24665307,2,0,8.10855506481229e-08
2012,"16928",1,89277055,10,1.12010863261563e-08,1.12010863261563e-07
2012,"16930",0,172730334,5,0,2.8946855391364e-08
2012,"16935",1,129576224,29,7.71746520411029e-09,2.23806490919198e-07
2012,"16942",0,61420174,13,0,2.11656840959129e-07
2012,"18818",4,118489742,19,3.37581965534198e-08,1.60351433628744e-07
2012,"18829",8,66842460,17,1.19684404194579e-07,2.54329358913481e-07
2012,"18831",3,75558368,22,3.97044044148757e-08,2.91165632375755e-07
2012,"18837",7,233446874,48,2.9985409014301e-08,2.05614233240921e-07
2012,"18845",14,25048668,34,5.5891195491912e-07,1.35735760480358e-06
2012,"18817",0,4768296,3,0,6.29155572556737e-07
2012,"18830",0,62514522,4,0,6.39851329263943e-08
2012,"18834",33,171936159,43,1.91931704139093e-07,2.50092826605484e-07
2012,"18846",15,69779395,22,2.14963170718233e-07,3.15279317053408e-07
2012,"18851",4,72576746,13,5.51140719370361e-08,1.79120733795367e-07
2012,"18812",10,81611607,10,1.22531590390078e-07,1.22531590390078e-07
2012,"18842",4,10668083,4,3.74950213641945e-07,3.74950213641945e-07
2012,"18823",0,6905558,0,0,0
2012,"18821",0,8947352,0,0,0
2012,"18825",0,8575609,0,0,0
2013,"16925",0,199819653,60,0,3.00270764657969e-07
2013,"18840",0,116630500,18,0,1.54333557688598e-07
2013,"18844",28,88564327,133,3.16154381210394e-07,1.50173331074937e-06
2013,"16914",2,195876075,138,1.02105374533362e-08,7.04527084280201e-07
2013,"18801",31,420663082,286,7.36931794742092e-08,6.79879010633027e-07
2013,"16901",0,602272141,214,0,3.55321100598608e-07
2013,"16917",0,115168685,98,0,8.50925752950987e-07
2013,"16926",0,62750789,21,0,3.34657146701375e-07
2013,"16929",0,119702567,21,0,1.75434834242109e-07
2013,"16933",20,252428446,131,7.92303732678369e-08,5.18958944904331e-07
2013,"16947",3,298543712,223,1.00487797244244e-08,7.46959292848881e-07
2013,"17724",0,290315038,80,0,2.75562714736121e-07
2013,"17765",1,214207968,82,4.66836042252172e-09,3.82805554646781e-07
2013,"18630",26,170601370,127,1.52402058670455e-07,7.44425440428761e-07
2013,"18810",0,119055618,11,0,9.23937919502463e-08
2013,"18824",14,77363644,34,1.80963554405478e-07,4.39482917841874e-07
2013,"18826",19,118229320,56,1.60704637394514e-07,4.73655773373305e-07
2013,"18832",4,154354180,28,2.59144261593693e-08,1.81400983115585e-07
2013,"18848",11,274467820,109,4.00775580904166e-08,3.9713216653231e-07
2013,"18850",1,155895533,37,6.41455198078062e-09,2.37338423288883e-07
2013,"18853",33,265087158,187,1.24487358229553e-07,7.05428363300798e-07
2013,"16912",2,65449401,57,3.05579572836732e-08,8.70901782584687e-07
2013,"16932",5,55182774,36,9.06079857456967e-08,6.52377497369016e-07
2013,"16936",0,124997105,36,0,2.88006670234483e-07
2013,"16946",0,159436577,3,0,1.88162594584554e-08
2013,"18623",8,146069512,70,5.47684447662151e-08,4.79223891704382e-07
2013,"18822",3,107709685,30,2.78526485338807e-08,2.78526485338807e-07
2013,"18828",0,25967605,13,0,5.00623757947643e-07
2013,"18833",15,275449756,88,5.44563924028308e-08,3.19477502096607e-07
2013,"18847",13,365503815,27,3.55673442149981e-08,7.38706379849961e-08
2013,"18854",1,68704007,23,1.45551918099915e-08,3.34769411629805e-07
2013,"16920",0,24665307,2,0,8.10855506481229e-08
2013,"16928",0,89277055,10,0,1.12010863261563e-07
2013,"16930",1,172730334,6,5.78937107827279e-09,3.47362264696368e-08
2013,"16935",0,129576224,29,0,2.23806490919198e-07
2013,"16942",1,61420174,14,1.62812954583945e-08,2.27938136417523e-07
2013,"18818",2,118489742,21,1.68790982767099e-08,1.77230531905454e-07
2013,"18829",5,66842460,22,7.48027526216121e-08,3.29132111535093e-07
2013,"18831",0,75558368,22,0,2.91165632375755e-07
2013,"18837",6,233446874,54,2.57017791551152e-08,2.31316012396037e-07
2013,"18845",10,25048668,44,3.99222824942228e-07,1.75658042974581e-06
2013,"18817",0,4768296,3,0,6.29155572556737e-07
2013,"18830",9,62514522,13,1.43966549084387e-07,2.07951682010781e-07
2013,"18834",57,171936159,100,3.31518398058433e-07,5.81611224663917e-07
2013,"18846",11,69779395,33,1.57639658526704e-07,4.72918975580112e-07
2013,"18851",5,72576746,18,6.88925899212952e-08,2.48013323716663e-07
2013,"18812",2,81611607,12,2.45063180780155e-08,1.47037908468093e-07
2013,"18842",0,10668083,4,0,3.74950213641945e-07
2013,"18823",2,6905558,2,2.89621780021252e-07,2.89621780021252e-07
2013,"18821",0,8947352,0,0,0
2013,"18825",0,8575609,0,0,0
2014,"16925",0,199819653,60,0,3.00270764657969e-07
2014,"18840",0,116630500,18,0,1.54333557688598e-07
2014,"18844",17,88564327,150,1.91950874306311e-07,1.69368418505568e-06
2014,"16914",10,195876075,148,5.10526872666812e-08,7.55579771546882e-07
2014,"18801",17,420663082,303,4.04123887439212e-08,7.20291399376948e-07
2014,"16901",5,602272141,219,8.30189487379925e-09,3.63622995472407e-07
2014,"16917",6,115168685,104,5.20974950786318e-08,9.03023248029618e-07
2014,"16926",0,62750789,21,0,3.34657146701375e-07
2014,"16929",0,119702567,21,0,1.75434834242109e-07
2014,"16933",7,252428446,138,2.77306306437429e-08,5.46689575548074e-07
2014,"16947",7,298543712,230,2.34471526903236e-08,7.70406445539205e-07
2014,"17724",0,290315038,80,0,2.75562714736121e-07
2014,"17765",6,214207968,88,2.80101625351303e-08,4.10815717181912e-07
2014,"18630",57,170601370,184,3.34112205546767e-07,1.07853764597553e-06
2014,"18810",0,119055618,11,0,9.23937919502463e-08
2014,"18824",27,77363644,61,3.49001140639135e-07,7.8848405848101e-07
2014,"18826",21,118229320,77,1.7762091501499e-07,6.51276688388295e-07
2014,"18832",5,154354180,33,3.23930326992116e-08,2.13794015814797e-07
2014,"18848",1,274467820,110,3.64341437185605e-09,4.00775580904166e-07
2014,"18850",0,155895533,37,0,2.37338423288883e-07
2014,"18853",28,265087158,215,1.05625637285681e-07,8.11054000586479e-07
2014,"16912",7,65449401,64,1.06952850492856e-07,9.77854633077543e-07
2014,"16932",0,55182774,36,0,6.52377497369016e-07
2014,"16936",0,124997105,36,0,2.88006670234483e-07
2014,"16946",0,159436577,3,0,1.88162594584554e-08
2014,"18623",25,146069512,95,1.71151389894422e-07,6.50375281598805e-07
2014,"18822",0,107709685,30,0,2.78526485338807e-07
2014,"18828",0,25967605,13,0,5.00623757947643e-07
2014,"18833",11,275449756,99,3.99346877620759e-08,3.59412189858683e-07
2014,"18847",22,365503815,49,6.01908902099969e-08,1.34061528194993e-07
2014,"18854",0,68704007,23,0,3.34769411629805e-07
2014,"16920",0,24665307,2,0,8.10855506481229e-08
2014,"16928",0,89277055,10,0,1.12010863261563e-07
2014,"16930",1,172730334,7,5.78937107827279e-09,4.05255975479096e-08
2014,"16935",2,129576224,31,1.54349304082206e-08,2.39241421327419e-07
2014,"16942",0,61420174,14,0,2.27938136417523e-07
2014,"18818",7,118489742,28,5.90768439684846e-08,2.36307375873939e-07
2014,"18829",8,66842460,30,1.19684404194579e-07,4.48816515729672e-07
2014,"18831",0,75558368,22,0,2.91165632375755e-07
2014,"18837",0,233446874,54,0,2.31316012396037e-07
2014,"18845",8,25048668,52,3.19378259953783e-07,2.07595868969959e-06
2014,"18817",0,4768296,3,0,6.29155572556737e-07
2014,"18830",9,62514522,22,1.43966549084387e-07,3.51918231095169e-07
2014,"18834",50,171936159,150,2.90805612331959e-07,8.72416836995876e-07
2014,"18846",9,69779395,42,1.2897790243094e-07,6.01896878011052e-07
2014,"18851",0,72576746,18,0,2.48013323716663e-07
2014,"18812",0,81611607,12,0,1.47037908468093e-07
2014,"18842",0,10668083,4,0,3.74950213641945e-07
2014,"18823",0,6905558,2,0,2.89621780021252e-07
2014,"18821",1,8947352,1,1.11764911003837e-07,1.11764911003837e-07
2014,"18825",8,8575609,8,9.32878353012597e-07,9.32878353012597e-07
2015,"16925",0,199819653,60,0,3.00270764657969e-07
2015,"18840",0,116630500,18,0,1.54333557688598e-07
2015,"18844",5,88564327,155,5.64561395018561e-08,1.75014032455754e-06
2015,"16914",0,195876075,148,0,7.55579771546882e-07
2015,"18801",19,420663082,322,4.51667874196766e-08,7.65458186796625e-07
2015,"16901",1,602272141,220,1.66037897475985e-09,3.65283374447167e-07
2015,"16917",0,115168685,104,0,9.03023248029618e-07
2015,"16926",0,62750789,21,0,3.34657146701375e-07
2015,"16929",0,119702567,21,0,1.75434834242109e-07
2015,"16933",3,252428446,141,1.18845559901755e-08,5.5857413153825e-07
2015,"16947",8,298543712,238,2.67967459317984e-08,7.97203191471003e-07
2015,"17724",0,290315038,80,0,2.75562714736121e-07
2015,"17765",0,214207968,88,0,4.10815717181912e-07
2015,"18630",4,170601370,188,2.34464705646854e-08,1.10198411654021e-06
2015,"18810",0,119055618,11,0,9.23937919502463e-08
2015,"18824",0,77363644,61,0,7.8848405848101e-07
2015,"18826",21,118229320,98,1.7762091501499e-07,8.28897603403284e-07
2015,"18832",2,154354180,35,1.29572130796847e-08,2.26751228894482e-07
2015,"18848",0,274467820,110,0,4.00775580904166e-07
2015,"18850",0,155895533,37,0,2.37338423288883e-07
2015,"18853",7,265087158,222,2.64064093214202e-08,8.37460409907899e-07
2015,"16912",4,65449401,68,6.11159145673465e-08,1.03897054764489e-06
2015,"16932",0,55182774,36,0,6.52377497369016e-07
2015,"16936",0,124997105,36,0,2.88006670234483e-07
2015,"16946",0,159436577,3,0,1.88162594584554e-08
2015,"18623",11,146069512,106,7.53066115535458e-08,7.25681893152351e-07
2015,"18822",0,107709685,30,0,2.78526485338807e-07
2015,"18828",0,25967605,13,0,5.00623757947643e-07
2015,"18833",13,275449756,112,4.71955400824534e-08,4.06607729941137e-07
2015,"18847",50,365503815,99,1.36797477749993e-07,2.70859005944986e-07
2015,"18854",0,68704007,23,0,3.34769411629805e-07
2015,"16920",0,24665307,2,0,8.10855506481229e-08
2015,"16928",0,89277055,10,0,1.12010863261563e-07
2015,"16930",3,172730334,10,1.73681132348184e-08,5.78937107827279e-08
2015,"16935",3,129576224,34,2.31523956123309e-08,2.6239381693975e-07
2015,"16942",1,61420174,15,1.62812954583945e-08,2.44219431875918e-07
2015,"18818",7,118489742,35,5.90768439684846e-08,2.95384219842423e-07
2015,"18829",8,66842460,38,1.19684404194579e-07,5.68500919924252e-07
2015,"18831",0,75558368,22,0,2.91165632375755e-07
2015,"18837",0,233446874,54,0,2.31316012396037e-07
2015,"18845",0,25048668,52,0,2.07595868969959e-06
2015,"18817",0,4768296,3,0,6.29155572556737e-07
2015,"18830",0,62514522,22,0,3.51918231095169e-07
2015,"18834",37,171936159,187,2.15196153125649e-07,1.08761299012153e-06
2015,"18846",3,69779395,45,4.29926341436466e-08,6.44889512154698e-07
2015,"18851",0,72576746,18,0,2.48013323716663e-07
2015,"18812",0,81611607,12,0,1.47037908468093e-07
2015,"18842",0,10668083,4,0,3.74950213641945e-07
2015,"18823",5,6905558,7,7.24054450053131e-07,1.01367623007438e-06
2015,"18821",2,8947352,3,2.23529822007673e-07,3.3529473301151e-07
2015,"18825",0,8575609,8,0,9.32878353012597e-07
2016,"16925",1,199819653,61,5.00451274429948e-09,3.05275277402268e-07
2016,"18840",0,116630500,18,0,1.54333557688598e-07
2016,"18844",6,88564327,161,6.77473674022273e-08,1.81788769195977e-06
2016,"16914",0,195876075,148,0,7.55579771546882e-07
2016,"18801",5,420663082,327,1.18859966893886e-08,7.77344183486014e-07
2016,"16901",15,602272141,235,2.49056846213978e-08,3.90189059068565e-07
2016,"16917",0,115168685,104,0,9.03023248029618e-07
2016,"16926",0,62750789,21,0,3.34657146701375e-07
2016,"16929",0,119702567,21,0,1.75434834242109e-07
2016,"16933",3,252428446,144,1.18845559901755e-08,5.70458687528425e-07
2016,"16947",8,298543712,246,2.67967459317984e-08,8.23999937402801e-07
2016,"17724",0,290315038,80,0,2.75562714736121e-07
2016,"17765",0,214207968,88,0,4.10815717181912e-07
2016,"18630",7,170601370,195,4.10313234881994e-08,1.14301544002841e-06
2016,"18810",0,119055618,11,0,9.23937919502463e-08
2016,"18824",6,77363644,67,7.7555809030919e-08,8.66039867511928e-07
2016,"18826",16,118229320,114,1.35330220963802e-07,9.64227824367086e-07
2016,"18832",2,154354180,37,1.29572130796847e-08,2.39708441974166e-07
2016,"18848",0,274467820,110,0,4.00775580904166e-07
2016,"18850",0,155895533,37,0,2.37338423288883e-07
2016,"18853",0,265087158,222,0,8.37460409907899e-07
2016,"16912",0,65449401,68,0,1.03897054764489e-06
2016,"16932",0,55182774,36,0,6.52377497369016e-07
2016,"16936",0,124997105,36,0,2.88006670234483e-07
2016,"16946",0,159436577,3,0,1.88162594584554e-08
2016,"18623",0,146069512,106,0,7.25681893152351e-07
2016,"18822",0,107709685,30,0,2.78526485338807e-07
2016,"18828",0,25967605,13,0,5.00623757947643e-07
2016,"18833",4,275449756,116,1.45217046407549e-08,4.21129434581892e-07
2016,"18847",10,365503815,109,2.73594955499986e-08,2.98218501494984e-07
2016,"18854",0,68704007,23,0,3.34769411629805e-07
2016,"16920",0,24665307,2,0,8.10855506481229e-08
2016,"16928",0,89277055,10,0,1.12010863261563e-07
2016,"16930",5,172730334,15,2.8946855391364e-08,8.68405661740919e-08
2016,"16935",4,129576224,38,3.08698608164411e-08,2.93263677756191e-07
2016,"16942",0,61420174,15,0,2.44219431875918e-07
2016,"18818",0,118489742,35,0,2.95384219842423e-07
2016,"18829",0,66842460,38,0,5.68500919924252e-07
2016,"18831",0,75558368,22,0,2.91165632375755e-07
2016,"18837",0,233446874,54,0,2.31316012396037e-07
2016,"18845",0,25048668,52,0,2.07595868969959e-06
2016,"18817",0,4768296,3,0,6.29155572556737e-07
2016,"18830",14,62514522,36,2.2394796524238e-07,5.75866196337549e-07
2016,"18834",21,171936159,208,1.22138357179423e-07,1.20975134730095e-06
2016,"18846",2,69779395,47,2.86617560957644e-08,6.73551268250463e-07
2016,"18851",0,72576746,18,0,2.48013323716663e-07
2016,"18812",0,81611607,12,0,1.47037908468093e-07
2016,"18842",0,10668083,4,0,3.74950213641945e-07
2016,"18823",0,6905558,7,0,1.01367623007438e-06
2016,"18821",0,8947352,3,0,3.3529473301151e-07
2016,"18825",0,8575609,8,0,9.32878353012597e-07
2017,"16925",0,199819653,61,0,3.05275277402268e-07
2017,"18840",0,116630500,18,0,1.54333557688598e-07
2017,"18844",0,88564327,161,0,1.81788769195977e-06
2017,"16914",0,195876075,148,0,7.55579771546882e-07
2017,"18801",10,420663082,337,2.37719933787772e-08,8.01116176864791e-07
2017,"16901",6,602272141,241,9.9622738485591e-09,4.00151332917124e-07
2017,"16917",0,115168685,104,0,9.03023248029618e-07
2017,"16926",0,62750789,21,0,3.34657146701375e-07
2017,"16929",0,119702567,21,0,1.75434834242109e-07
2017,"16933",0,252428446,144,0,5.70458687528425e-07
2017,"16947",8,298543712,254,2.67967459317984e-08,8.507966833346e-07
2017,"17724",12,290315038,92,4.13344072104181e-08,3.16897121946539e-07
2017,"17765",0,214207968,88,0,4.10815717181912e-07
2017,"18630",0,170601370,195,0,1.14301544002841e-06
2017,"18810",0,119055618,11,0,9.23937919502463e-08
2017,"18824",5,77363644,72,6.46298408590991e-08,9.30669708371028e-07
2017,"18826",28,118229320,142,2.36827886686653e-07,1.20105571105374e-06
2017,"18832",0,154354180,37,0,2.39708441974166e-07
2017,"18848",3,274467820,113,1.09302431155682e-08,4.11705824019734e-07
2017,"18850",0,155895533,37,0,2.37338423288883e-07
2017,"18853",10,265087158,232,3.77234418877432e-08,8.75183851795642e-07
2017,"16912",10,65449401,78,1.52789786418366e-07,1.19176033406326e-06
2017,"16932",5,55182774,41,9.06079857456967e-08,7.42985483114713e-07
2017,"16936",0,124997105,36,0,2.88006670234483e-07
2017,"16946",0,159436577,3,0,1.88162594584554e-08
2017,"18623",3,146069512,109,2.05381667873307e-08,7.46220059939681e-07
2017,"18822",3,107709685,33,2.78526485338807e-08,3.06379133872688e-07
2017,"18828",2,25967605,15,7.70190396842527e-08,5.77642797631896e-07
2017,"18833",25,275449756,141,9.0760654004718e-08,5.1189008858661e-07
2017,"18847",21,365503815,130,5.7454940654997e-08,3.55673442149981e-07
2017,"18854",0,68704007,23,0,3.34769411629805e-07
2017,"16920",0,24665307,2,0,8.10855506481229e-08
2017,"16928",6,89277055,16,6.72065179569375e-08,1.792173812185e-07
2017,"16930",13,172730334,28,7.52618240175463e-08,1.62102390191638e-07
2017,"16935",0,129576224,38,0,2.93263677756191e-07
2017,"16942",0,61420174,15,0,2.44219431875918e-07
2017,"18818",0,118489742,35,0,2.95384219842423e-07
2017,"18829",4,66842460,42,5.98422020972897e-08,6.28343122021541e-07
2017,"18831",0,75558368,22,0,2.91165632375755e-07
2017,"18837",1,233446874,55,4.28362985918586e-09,2.35599642255222e-07
2017,"18845",0,25048668,52,0,2.07595868969959e-06
2017,"18817",0,4768296,3,0,6.29155572556737e-07
2017,"18830",0,62514522,36,0,5.75866196337549e-07
2017,"18834",25,171936159,233,1.45402806165979e-07,1.35515415346693e-06
2017,"18846",5,69779395,52,7.16543902394109e-08,7.45205658489874e-07
2017,"18851",0,72576746,18,0,2.48013323716663e-07
2017,"18812",0,81611607,12,0,1.47037908468093e-07
2017,"18842",0,10668083,4,0,3.74950213641945e-07
2017,"18823",0,6905558,7,0,1.01367623007438e-06
2017,"18821",0,8947352,3,0,3.3529473301151e-07
2017,"18825",0,8575609,8,0,9.32878353012597e-07
2018,"16925",0,199819653,61,0,3.05275277402268e-07
2018,"18840",0,116630500,18,0,1.54333557688598e-07
2018,"18844",22,88564327,183,2.48407013808167e-07,2.06629470576793e-06
2018,"16914",0,195876075,148,0,7.55579771546882e-07
2018,"18801",13,420663082,350,3.09035913924103e-08,8.32019768257201e-07
2018,"16901",6,602272141,247,9.9622738485591e-09,4.10113606765683e-07
2018,"16917",0,115168685,104,0,9.03023248029618e-07
2018,"16926",0,62750789,21,0,3.34657146701375e-07
2018,"16929",0,119702567,21,0,1.75434834242109e-07
2018,"16933",0,252428446,144,0,5.70458687528425e-07
2018,"16947",11,298543712,265,3.68455256562228e-08,8.87642208990823e-07
2018,"17724",15,290315038,107,5.16680090130226e-08,3.68565130959561e-07
2018,"17765",15,214207968,103,7.00254063378259e-08,4.80841123519738e-07
2018,"18630",22,170601370,217,1.2895558810577e-07,1.27197102813418e-06
2018,"18810",0,119055618,11,0,9.23937919502463e-08
2018,"18824",24,77363644,96,3.10223236123676e-07,1.2408929444947e-06
2018,"18826",20,118229320,162,1.69162776204752e-07,1.37021848725849e-06
2018,"18832",2,154354180,39,1.29572130796847e-08,2.52665655053851e-07
2018,"18848",0,274467820,113,0,4.11705824019734e-07
2018,"18850",0,155895533,37,0,2.37338423288883e-07
2018,"18853",2,265087158,234,7.54468837754864e-09,8.82728540173191e-07
2018,"16912",10,65449401,88,1.52789786418366e-07,1.34455012048162e-06
2018,"16932",0,55182774,41,0,7.42985483114713e-07
2018,"16936",0,124997105,36,0,2.88006670234483e-07
2018,"16946",0,159436577,3,0,1.88162594584554e-08
2018,"18623",9,146069512,118,6.1614500361992e-08,8.07834560301673e-07
2018,"18822",0,107709685,33,0,3.06379133872688e-07
2018,"18828",0,25967605,15,0,5.77642797631896e-07
2018,"18833",13,275449756,154,4.71955400824534e-08,5.59085628669063e-07
2018,"18847",13,365503815,143,3.55673442149981e-08,3.9124078636498e-07
2018,"18854",0,68704007,23,0,3.34769411629805e-07
2018,"16920",0,24665307,2,0,8.10855506481229e-08
2018,"16928",0,89277055,16,0,1.792173812185e-07
2018,"16930",12,172730334,40,6.94724529392735e-08,2.31574843130912e-07
2018,"16935",7,129576224,45,5.4022256428772e-08,3.47285934184963e-07
2018,"16942",0,61420174,15,0,2.44219431875918e-07
2018,"18818",0,118489742,35,0,2.95384219842423e-07
2018,"18829",1,66842460,43,1.49605505243224e-08,6.43303672545864e-07
2018,"18831",0,75558368,22,0,2.91165632375755e-07
2018,"18837",0,233446874,55,0,2.35599642255222e-07
2018,"18845",0,25048668,52,0,2.07595868969959e-06
2018,"18817",0,4768296,3,0,6.29155572556737e-07
2018,"18830",11,62514522,47,1.75959115547584e-07,7.51825311885133e-07
2018,"18834",22,171936159,255,1.27954469426062e-07,1.48310862289299e-06
2018,"18846",2,69779395,54,2.86617560957644e-08,7.73867414585638e-07
2018,"18851",0,72576746,18,0,2.48013323716663e-07
2018,"18812",0,81611607,12,0,1.47037908468093e-07
2018,"18842",0,10668083,4,0,3.74950213641945e-07
2018,"18823",7,6905558,14,1.01367623007438e-06,2.02735246014877e-06
2018,"18821",0,8947352,3,0,3.3529473301151e-07
2018,"18825",4,8575609,12,4.66439176506298e-07,1.39931752951889e-06
2019,"16925",0,199819653,61,0,3.05275277402268e-07
2019,"18840",0,116630500,18,0,1.54333557688598e-07
2019,"18844",0,88564327,183,0,2.06629470576793e-06
2019,"16914",0,195876075,148,0,7.55579771546882e-07
2019,"18801",21,420663082,371,4.99211860954321e-08,8.81940954352633e-07
2019,"16901",6,602272141,253,9.9622738485591e-09,4.20075880614242e-07
2019,"16917",3,115168685,107,2.60487475393159e-08,9.29071995568934e-07
2019,"16926",0,62750789,21,0,3.34657146701375e-07
2019,"16929",0,119702567,21,0,1.75434834242109e-07
2019,"16933",0,252428446,144,0,5.70458687528425e-07
2019,"16947",12,298543712,277,4.01951188976976e-08,9.2783732788852e-07
2019,"17724",8,290315038,115,2.75562714736121e-08,3.96121402433173e-07
2019,"17765",4,214207968,107,1.86734416900869e-08,4.99514565209825e-07
2019,"18630",46,170601370,263,2.69634411493882e-07,1.54160543962806e-06
2019,"18810",0,119055618,11,0,9.23937919502463e-08
2019,"18824",6,77363644,102,7.7555809030919e-08,1.31844875352562e-06
2019,"18826",12,118229320,174,1.01497665722851e-07,1.47171615298134e-06
2019,"18832",3,154354180,42,1.9435819619527e-08,2.72101474673378e-07
2019,"18848",2,274467820,115,7.2868287437121e-09,4.18992652763446e-07
2019,"18850",0,155895533,37,0,2.37338423288883e-07
2019,"18853",6,265087158,240,2.26340651326459e-08,9.05362605305837e-07
2019,"16912",0,65449401,88,0,1.34455012048162e-06
2019,"16932",0,55182774,41,0,7.42985483114713e-07
2019,"16936",0,124997105,36,0,2.88006670234483e-07
2019,"16946",0,159436577,3,0,1.88162594584554e-08
2019,"18623",5,146069512,123,3.42302779788845e-08,8.42064838280558e-07
2019,"18822",1,107709685,34,9.28421617796023e-09,3.15663350050648e-07
2019,"18828",4,25967605,19,1.54038079368505e-07,7.31680877000401e-07
2019,"18833",10,275449756,164,3.63042616018872e-08,5.9538989027095e-07
2019,"18847",16,365503815,159,4.37751928799977e-08,4.35015979244977e-07
2019,"18854",0,68704007,23,0,3.34769411629805e-07
2019,"16920",0,24665307,2,0,8.10855506481229e-08
2019,"16928",0,89277055,16,0,1.792173812185e-07
2019,"16930",17,172730334,57,9.84193083306375e-08,3.29994151461549e-07
2019,"16935",0,129576224,45,0,3.47285934184963e-07
2019,"16942",0,61420174,15,0,2.44219431875918e-07
2019,"18818",0,118489742,35,0,2.95384219842423e-07
2019,"18829",8,66842460,51,1.19684404194579e-07,7.62988076740443e-07
2019,"18831",0,75558368,22,0,2.91165632375755e-07
2019,"18837",0,233446874,55,0,2.35599642255222e-07
2019,"18845",14,25048668,66,5.5891195491912e-07,2.63487064461871e-06
2019,"18817",2,4768296,5,4.19437048371158e-07,1.0485926209279e-06
2019,"18830",0,62514522,47,0,7.51825311885133e-07
2019,"18834",3,171936159,258,1.74483367399175e-08,1.50055695963291e-06
2019,"18846",6,69779395,60,8.59852682872931e-08,8.59852682872931e-07
2019,"18851",0,72576746,18,0,2.48013323716663e-07
2019,"18812",0,81611607,12,0,1.47037908468093e-07
2019,"18842",0,10668083,4,0,3.74950213641945e-07
2019,"18823",0,6905558,14,0,2.02735246014877e-06
2019,"18821",0,8947352,3,0,3.3529473301151e-07
2019,"18825",3,8575609,15,3.49829382379724e-07,1.74914691189862e-06
